<?xml version="1.0"?>
<document>
  <row>
    <id>2809379</id>
    <company>Lucky Aviation</company>
    <street>Walravestraat</street>
    <number>75</number>
    <zipcode>2579CZ</zipcode>
    <city>Loppersum</city>
  </row>
  <row>
    <id>7470148</id>
    <company>Fortune Lighting</company>
    <street>Sophialaan</street>
    <number>230</number>
    <zipcode>2513AR</zipcode>
    <city>Rockanje</city>
  </row>
  <row>
    <id>9099919</id>
    <company>Marble </company>
    <street>Koppeldijk</street>
    <number>73</number>
    <zipcode>1784 CX</zipcode>
    <city>Stokkum</city>
  </row>
  <row>
    <id>7475975</id>
    <company>Parableutions</company>
    <street>Bombaydreef</street>
    <number>239</number>
    <zipcode>1331KY</zipcode>
    <city>Lijnden</city>
  </row>
  <row>
    <id>7574158</id>
    <company>Alpite</company>
    <street>Veldhuizenlaan</street>
    <number>183</number>
    <zipcode>1275YE</zipcode>
    <city>Varsselder</city>
  </row>
  <row>
    <id>6686423</id>
    <company>Blizzart</company>
    <street>Oosterstroom</street>
    <number>140</number>
    <zipcode>2912lx</zipcode>
    <city>Oosterbierum</city>
  </row>
  <row>
    <id>3288683</id>
    <company>Cloudustries</company>
    <street>Rapenburchdreef</street>
    <number>207</number>
    <zipcode>1708gd</zipcode>
    <city>Kaatsheuvel</city>
  </row>
  <row>
    <id>9151681</id>
    <company>Boarbite</company>
    <street>De Wierslaan</street>
    <number>144</number>
    <zipcode>2490NG</zipcode>
    <city>Herkenbosch</city>
  </row>
  <row>
    <id>9783714</id>
    <company>Lucenttube</company>
    <street>Kapelpad</street>
    <number>36</number>
    <zipcode>2783 ZN</zipcode>
    <city>Steenbergen</city>
  </row>
  <row>
    <id>7199727</id>
    <company>Spritedale</company>
    <street>Pastoor Boelenslaan</street>
    <number>201</number>
    <zipcode>1926EF</zipcode>
    <city>Baars</city>
  </row>
  <row>
    <id>3589693</id>
    <company>Pride Brews</company>
    <street>Marnixlaan</street>
    <number>98</number>
    <zipcode>1128 zt</zipcode>
    <city>Zeijerveld</city>
  </row>
  <row>
    <id>4747411</id>
    <company>Vision Industries</company>
    <street>Driebergsebosplaats</street>
    <number>224</number>
    <zipcode>1178 ve</zipcode>
    <city>De Rijp</city>
  </row>
  <row>
    <id>5933868</id>
    <company>Accent Entertainment</company>
    <street>Prof. Dr. Magnuslaan</street>
    <number>124</number>
    <zipcode>2229 VV</zipcode>
    <city>Miedum</city>
  </row>
  <row>
    <id>1869499</id>
    <company>Stardustechnologies</company>
    <street>Theeweg</street>
    <number>168</number>
    <zipcode>3309yc</zipcode>
    <city>IJhorst</city>
  </row>
  <row>
    <id>4315519</id>
    <company>Riddlectronics</company>
    <street>Prinses Beatrixlaan</street>
    <number>246</number>
    <zipcode>1182 vl</zipcode>
    <city>Zwaag</city>
  </row>
  <row>
    <id>5232491</id>
    <company>Whiteoutwares</company>
    <street>Louis Saalbornlaan</street>
    <number>34</number>
    <zipcode>2571ja</zipcode>
    <city>Noordeinde (Gld.)</city>
  </row>
  <row>
    <id>1189234</id>
    <company>Plutronics</company>
    <street>Jazzsingel</street>
    <number>106</number>
    <zipcode>2938vb</zipcode>
    <city>Vessem</city>
  </row>
  <row>
    <id>9321842</id>
    <company>Vortexgate</company>
    <street>Birkhoven</street>
    <number>61</number>
    <zipcode>1725 AR</zipcode>
    <city>Drachtstercompagnie</city>
  </row>
  <row>
    <id>9422700</id>
    <company>Crowtube</company>
    <street>Van Woerdenstraat</street>
    <number>245</number>
    <zipcode>2967CD</zipcode>
    <city>Anloo</city>
  </row>
  <row>
    <id>5018203</id>
    <company>Shadelife</company>
    <street>Koekoeksplein</street>
    <number>154</number>
    <zipcode>1103 ey</zipcode>
    <city>Kortenhoef</city>
  </row>
  <row>
    <id>1163310</id>
    <company>Sun Security</company>
    <street>De Pottegieter</street>
    <number>212</number>
    <zipcode>1872CE</zipcode>
    <city>Haren</city>
  </row>
  <row>
    <id>4213251</id>
    <company>Lemon Technologies</company>
    <street>Ina Boudier-Bakkerlaan</street>
    <number>84</number>
    <zipcode>1078FX</zipcode>
    <city>Woltersum</city>
  </row>
  <row>
    <id>6955807</id>
    <company>Whiz Softwares</company>
    <street>Staalstraat</street>
    <number>138</number>
    <zipcode>2866 DS</zipcode>
    <city>Nieuwersluis</city>
  </row>
  <row>
    <id>6147915</id>
    <company>Hurricanetworks</company>
    <street>Nicolaasdwarsstraat</street>
    <number>144</number>
    <zipcode>2467HX</zipcode>
    <city>Hoornaar</city>
  </row>
  <row>
    <id>9481874</id>
    <company>Frostfiretronics</company>
    <street>Meteorenweg</street>
    <number>75</number>
    <zipcode>3485fz</zipcode>
    <city>Wervershoof</city>
  </row>
  <row>
    <id>9767622</id>
    <company>Deserprises</company>
    <street>Stadsbaan Leidsche Rijn</street>
    <number>42</number>
    <zipcode>2171 OP</zipcode>
    <city>Valkenburg</city>
  </row>
  <row>
    <id>2771121</id>
    <company>Prodintelligence</company>
    <street>Gruttostraat</street>
    <number>58</number>
    <zipcode>1594pk</zipcode>
    <city>Lettele</city>
  </row>
  <row>
    <id>7926141</id>
    <company>Hookwood</company>
    <street>Zuster Meyboomhaghe</street>
    <number>251</number>
    <zipcode>3138nx</zipcode>
    <city>Sevenum</city>
  </row>
  <row>
    <id>4348546</id>
    <company>Caverncast</company>
    <street>Prof. Ritzema Boslaan</street>
    <number>27</number>
    <zipcode>2405mu</zipcode>
    <city>Poppenwier</city>
  </row>
  <row>
    <id>5821782</id>
    <company>Pinnaclehive</company>
    <street>Jan van Galenstraat</street>
    <number>158</number>
    <zipcode>3151 GH</zipcode>
    <city>Garsthuizen</city>
  </row>
  <row>
    <id>5390272</id>
    <company>Chief Media</company>
    <street>Monarchvlinderlaan</street>
    <number>196</number>
    <zipcode>2630qw</zipcode>
    <city>Lomm</city>
  </row>
  <row>
    <id>7771045</id>
    <company>Forest Acoustics</company>
    <street>Taatsendijk</street>
    <number>152</number>
    <zipcode>1636 mx</zipcode>
    <city>Lemmer</city>
  </row>
  <row>
    <id>7717559</id>
    <company>Elvish Sports</company>
    <street>Schrevenboslaan</street>
    <number>92</number>
    <zipcode>1624 vj</zipcode>
    <city>Margraten</city>
  </row>
  <row>
    <id>2281239</id>
    <company>Ansoft</company>
    <street>Papyrusdreef</street>
    <number>81</number>
    <zipcode>3271fa</zipcode>
    <city>Hollandscheveld</city>
  </row>
  <row>
    <id>1115535</id>
    <company>Antarts</company>
    <street>Bloementuinlaan</street>
    <number>26</number>
    <zipcode>3428 vb</zipcode>
    <city>Aadorp</city>
  </row>
  <row>
    <id>6898548</id>
    <company>Webrews</company>
    <street>Daalseweg</street>
    <number>168</number>
    <zipcode>1879 hb</zipcode>
    <city>Julianadorp</city>
  </row>
  <row>
    <id>1472330</id>
    <company>Nemotors</company>
    <street>Vrijthof</street>
    <number>211</number>
    <zipcode>3571XD</zipcode>
    <city>Wijhe</city>
  </row>
  <row>
    <id>7100331</id>
    <company>Marshcoms</company>
    <street>Mandenmakerslaan</street>
    <number>228</number>
    <zipcode>1277MK</zipcode>
    <city>Blitterswijck</city>
  </row>
  <row>
    <id>4082244</id>
    <company>Phoenixworks</company>
    <street>Steven Butendiekplateau</street>
    <number>203</number>
    <zipcode>1712VR</zipcode>
    <city>Doesburg</city>
  </row>
  <row>
    <id>4215525</id>
    <company>Smartbridge</company>
    <street>KW. Operettelaan</street>
    <number>242</number>
    <zipcode>3274 zz</zipcode>
    <city>Langeweg</city>
  </row>
  <row>
    <id>8118327</id>
    <company>Prime Brews</company>
    <street>Jungfrau</street>
    <number>62</number>
    <zipcode>2456EE</zipcode>
    <city>Kallenkote</city>
  </row>
  <row>
    <id>9000169</id>
    <company>Grasshopper Records</company>
    <street>Auriollaan</street>
    <number>13</number>
    <zipcode>3052 JY</zipcode>
    <city>Halfweg</city>
  </row>
  <row>
    <id>7842220</id>
    <company>Pumpkin Navigations</company>
    <street>Achter de Dom</street>
    <number>25</number>
    <zipcode>2555 ez</zipcode>
    <city>Lage Mierde</city>
  </row>
  <row>
    <id>6225999</id>
    <company>Corecords</company>
    <street>Passaat</street>
    <number>137</number>
    <zipcode>3152 BV</zipcode>
    <city>Notter</city>
  </row>
  <row>
    <id>5874810</id>
    <company>Betarts</company>
    <street>Tolsteegbrug</street>
    <number>54</number>
    <zipcode>2485WN</zipcode>
    <city>Lexmond</city>
  </row>
  <row>
    <id>9670941</id>
    <company>Ecstaticorps</company>
    <street>Bonistraat</street>
    <number>120</number>
    <zipcode>1768nr</zipcode>
    <city>Lisserbroek</city>
  </row>
  <row>
    <id>4851488</id>
    <company>Slickorps</company>
    <street>Muntbrug</street>
    <number>80</number>
    <zipcode>3441yj</zipcode>
    <city>Driezum</city>
  </row>
  <row>
    <id>1943753</id>
    <company>Maplewell</company>
    <street>Gloriantdreef</street>
    <number>221</number>
    <zipcode>1378 pg</zipcode>
    <city>Lengel</city>
  </row>
  <row>
    <id>8856411</id>
    <company>Worldbooks</company>
    <street>Morgenstond</street>
    <number>80</number>
    <zipcode>3210 PE</zipcode>
    <city>Echten</city>
  </row>
  <row>
    <id>6337295</id>
    <company>Cliffmedia</company>
    <street>Emmerich K&#xE1;lm&#xE1;nlaan</street>
    <number>219</number>
    <zipcode>3268 lv</zipcode>
    <city>Slijkenburg</city>
  </row>
  <row>
    <id>9124482</id>
    <company>Cliff Microsystems</company>
    <street>Proostwetering</street>
    <number>159</number>
    <zipcode>2559 my</zipcode>
    <city>Wapserveen</city>
  </row>
  <row>
    <id>4936895</id>
    <company>Hero Coms</company>
    <street>Seringstraat</street>
    <number>164</number>
    <zipcode>2826fs</zipcode>
    <city>Moorveld</city>
  </row>
  <row>
    <id>4737728</id>
    <company>Moon Microsystems</company>
    <street>Brucknerlaan</street>
    <number>211</number>
    <zipcode>3340go</zipcode>
    <city>Avenhorn</city>
  </row>
  <row>
    <id>3817886</id>
    <company>Berrycords</company>
    <street>Aphroditedreef</street>
    <number>97</number>
    <zipcode>1598 NM</zipcode>
    <city>Rha</city>
  </row>
  <row>
    <id>9183164</id>
    <company>Summitechnologies</company>
    <street>Boelesteinlaan</street>
    <number>163</number>
    <zipcode>1607 nz</zipcode>
    <city>Groot-Ammers</city>
  </row>
  <row>
    <id>3829319</id>
    <company>Gorillacoustics</company>
    <street>Park de Koppel</street>
    <number>95</number>
    <zipcode>1973mr</zipcode>
    <city>Lemele</city>
  </row>
  <row>
    <id>4177188</id>
    <company>Angelico</company>
    <street>Van Heutszstraat</street>
    <number>11</number>
    <zipcode>1630 ja</zipcode>
    <city>Oldenzaal</city>
  </row>
  <row>
    <id>9533174</id>
    <company>Ghostpoly</company>
    <street>Hogenhorstdreef</street>
    <number>120</number>
    <zipcode>3063WE</zipcode>
    <city>Rijen</city>
  </row>
  <row>
    <id>6087466</id>
    <company>Lemonrover</company>
    <street>Notebomenlaan</street>
    <number>231</number>
    <zipcode>1232 UV</zipcode>
    <city>Oud Ootmarsum</city>
  </row>
  <row>
    <id>2152651</id>
    <company>Blossomman</company>
    <street>Sparrendaal</street>
    <number>153</number>
    <zipcode>2988zz</zipcode>
    <city>Westernieland</city>
  </row>
  <row>
    <id>6623973</id>
    <company>Iceberg Industries</company>
    <street>Marinus van Tyrusviaduct</street>
    <number>167</number>
    <zipcode>3059MJ</zipcode>
    <city>Emmeloord</city>
  </row>
  <row>
    <id>4024454</id>
    <company>Great White Aviation</company>
    <street>Hendrik Tollensstraat</street>
    <number>167</number>
    <zipcode>2891 FF</zipcode>
    <city>Hazerswoude-Rijndijk</city>
  </row>
  <row>
    <id>7178434</id>
    <company>Willow Security</company>
    <street>Humberdreef</street>
    <number>3</number>
    <zipcode>2605XP</zipcode>
    <city>Westdorp</city>
  </row>
  <row>
    <id>9776126</id>
    <company>Melonetworks</company>
    <street>Driebergsebos</street>
    <number>152</number>
    <zipcode>1603 GU</zipcode>
    <city>Nijega</city>
  </row>
  <row>
    <id>8958717</id>
    <company>Dynamico</company>
    <street>Gaag</street>
    <number>193</number>
    <zipcode>2274 ng</zipcode>
    <city>Almkerk</city>
  </row>
  <row>
    <id>9856444</id>
    <company>Bansheelectronis</company>
    <street>Operettelaan</street>
    <number>202</number>
    <zipcode>2709SH</zipcode>
    <city>Oene</city>
  </row>
  <row>
    <id>9826263</id>
    <company>Herolutions</company>
    <street>Mr. Tripkade</street>
    <number>179</number>
    <zipcode>1590PW</zipcode>
    <city>Zeeland</city>
  </row>
  <row>
    <id>5914985</id>
    <company>Pixypaw</company>
    <street>Westkanaaldijk</street>
    <number>143</number>
    <zipcode>2261 RL</zipcode>
    <city>Schokland</city>
  </row>
  <row>
    <id>4338344</id>
    <company>Flowertronics</company>
    <street>Aalscholverhof</street>
    <number>194</number>
    <zipcode>1580GK</zipcode>
    <city>Wognum</city>
  </row>
  <row>
    <id>5423235</id>
    <company>Vortexshadow</company>
    <street>Clarenburgplein</street>
    <number>121</number>
    <zipcode>1468 FF</zipcode>
    <city>Sint Maartensvlotbrug</city>
  </row>
  <row>
    <id>9419519</id>
    <company>Nimble </company>
    <street>Kranenburgerweg</street>
    <number>58</number>
    <zipcode>2484LR</zipcode>
    <city>Akmarijp</city>
  </row>
  <row>
    <id>1200427</id>
    <company>Rush Microsystems</company>
    <street>La Fontainestraat</street>
    <number>15</number>
    <zipcode>2559kx</zipcode>
    <city>Buchten</city>
  </row>
  <row>
    <id>2931735</id>
    <company>Champion Softwares</company>
    <street>Kees Valkensteinlaan</street>
    <number>19</number>
    <zipcode>2168 rj</zipcode>
    <city>Hendrik-Ido-Ambacht</city>
  </row>
  <row>
    <id>9280371</id>
    <company>Cycloration</company>
    <street>Prof. Zonnebloemhof</street>
    <number>59</number>
    <zipcode>2176 pn</zipcode>
    <city>Vessem</city>
  </row>
  <row>
    <id>7012581</id>
    <company>Monarctronics</company>
    <street>Poelhekkestraat</street>
    <number>229</number>
    <zipcode>1305av</zipcode>
    <city>Brielle</city>
  </row>
  <row>
    <id>6407863</id>
    <company>Antelligence</company>
    <street>Doornstraat</street>
    <number>227</number>
    <zipcode>1371wx</zipcode>
    <city>Leiden</city>
  </row>
  <row>
    <id>4017940</id>
    <company>Cloverprises</company>
    <street>Alexandre Lecocqsingel</street>
    <number>19</number>
    <zipcode>2343 RO</zipcode>
    <city>Eemnes</city>
  </row>
  <row>
    <id>4258227</id>
    <company>Mermaidshow</company>
    <street>Neude</street>
    <number>42</number>
    <zipcode>2259 MF</zipcode>
    <city>Offingawier</city>
  </row>
  <row>
    <id>5731184</id>
    <company>Sunpaw</company>
    <street>Simon Carmiggeltstraat</street>
    <number>172</number>
    <zipcode>2009JN</zipcode>
    <city>Zonnemaire</city>
  </row>
  <row>
    <id>6527202</id>
    <company>Hatchworld</company>
    <street>Groene Draecksingel</street>
    <number>128</number>
    <zipcode>1723rv</zipcode>
    <city>Woudrichem</city>
  </row>
  <row>
    <id>9648095</id>
    <company>Pyramid Industries</company>
    <street>Knopstraat</street>
    <number>154</number>
    <zipcode>1277cn</zipcode>
    <city>Beek</city>
  </row>
  <row>
    <id>6714301</id>
    <company>Grasshopper Navigations</company>
    <street>Hennepstraat</street>
    <number>175</number>
    <zipcode>1887 UN</zipcode>
    <city>Culemborg</city>
  </row>
  <row>
    <id>1985359</id>
    <company>Aura Industries</company>
    <street>Cupidodreef</street>
    <number>10</number>
    <zipcode>2405 ko</zipcode>
    <city>Schalkwijk</city>
  </row>
  <row>
    <id>7301363</id>
    <company>Mermedia</company>
    <street>Vivaldiplantsoen</street>
    <number>216</number>
    <zipcode>2551bt</zipcode>
    <city>Doornspijk</city>
  </row>
  <row>
    <id>7339454</id>
    <company>Squidustries</company>
    <street>Veilinghaven</street>
    <number>252</number>
    <zipcode>1384 ue</zipcode>
    <city>Ter Aar</city>
  </row>
  <row>
    <id>4065291</id>
    <company>Grasshoproductions</company>
    <street>Jan van der Doesstraat</street>
    <number>79</number>
    <zipcode>1903 eh</zipcode>
    <city>Ulicoten</city>
  </row>
  <row>
    <id>7513150</id>
    <company>High Tidustries</company>
    <street>Orionstraat</street>
    <number>31</number>
    <zipcode>3498 oh</zipcode>
    <city>Bemelen</city>
  </row>
  <row>
    <id>3809290</id>
    <company>Beedleshine</company>
    <street>Marburglaan</street>
    <number>84</number>
    <zipcode>2305LS</zipcode>
    <city>Lith</city>
  </row>
  <row>
    <id>6752644</id>
    <company>Dragonwood</company>
    <street>Lindehoeve</street>
    <number>208</number>
    <zipcode>1954 TQ</zipcode>
    <city>De Cocksdorp</city>
  </row>
  <row>
    <id>2691317</id>
    <company>Crystalair</company>
    <street>Slingeraklaan</street>
    <number>82</number>
    <zipcode>3080 zs</zipcode>
    <city>Smallebrugge</city>
  </row>
  <row>
    <id>8250388</id>
    <company>Omega Co.</company>
    <street>Hudsondreef</street>
    <number>131</number>
    <zipcode>1762 OJ</zipcode>
    <city>Berltsum</city>
  </row>
  <row>
    <id>7088927</id>
    <company>Lucky Coms</company>
    <street>Lundlaan</street>
    <number>10</number>
    <zipcode>2803rk</zipcode>
    <city>Harfsen</city>
  </row>
  <row>
    <id>8589734</id>
    <company>Tigress Microsystems</company>
    <street>Carl Zellerhof</street>
    <number>188</number>
    <zipcode>2251LL</zipcode>
    <city>Haarlo</city>
  </row>
  <row>
    <id>5773080</id>
    <company>Beedlectrics</company>
    <street>Cederstraat</street>
    <number>113</number>
    <zipcode>1018 LC</zipcode>
    <city>Aldeboarn</city>
  </row>
  <row>
    <id>1131757</id>
    <company>Jupitelligence</company>
    <street>Fanny Blankers-Koendreef</street>
    <number>165</number>
    <zipcode>2085ZA</zipcode>
    <city>Oost West en Middelbeers</city>
  </row>
  <row>
    <id>3379931</id>
    <company>Mountelligence</company>
    <street>Heksenberg</street>
    <number>49</number>
    <zipcode>2029 ur</zipcode>
    <city>Walem</city>
  </row>
  <row>
    <id>4634391</id>
    <company>Tucanterprises</company>
    <street>Tjalkstraat</street>
    <number>85</number>
    <zipcode>2637be</zipcode>
    <city>Oijen</city>
  </row>
  <row>
    <id>1250198</id>
    <company>Signgate</company>
    <street>Mereveldseweg</street>
    <number>134</number>
    <zipcode>2624 kc</zipcode>
    <city>Simonshaven</city>
  </row>
  <row>
    <id>5463129</id>
    <company>Phoenixworth</company>
    <street>Het Lint - Vleuten</street>
    <number>19</number>
    <zipcode>1485tn</zipcode>
    <city>De Mortel</city>
  </row>
  <row>
    <id>5214334</id>
    <company>Worlddale</company>
    <street>Vivaldiplantsoen</street>
    <number>148</number>
    <zipcode>1137 xc</zipcode>
    <city>Ravenstein</city>
  </row>
  <row>
    <id>6954973</id>
    <company>Wood Microsystems</company>
    <street>Weltevredenstraat</street>
    <number>100</number>
    <zipcode>2744vb</zipcode>
    <city>Rottum</city>
  </row>
  <row>
    <id>2592577</id>
    <company>Slick Systems</company>
    <street>Jo ter Meulenhaghe</street>
    <number>136</number>
    <zipcode>2814 CY</zipcode>
    <city>Terschuur</city>
  </row>
  <row>
    <id>1063191</id>
    <company>Granite Limited</company>
    <street>Oskar Nedbalhof</street>
    <number>61</number>
    <zipcode>2325tc</zipcode>
    <city>Stevensweert</city>
  </row>
  <row>
    <id>1455351</id>
    <company>Wavigations</company>
    <street>Nijldreef</street>
    <number>20</number>
    <zipcode>1578ng</zipcode>
    <city>Moddergat</city>
  </row>
  <row>
    <id>2899155</id>
    <company>Globeworks</company>
    <street>Mitch Leighhof</street>
    <number>226</number>
    <zipcode>2507AK</zipcode>
    <city>Eibergen</city>
  </row>
  <row>
    <id>7823015</id>
    <company>Allico</company>
    <street>Piet Heinstraat</street>
    <number>147</number>
    <zipcode>1088hk</zipcode>
    <city>Grootschermer</city>
  </row>
  <row>
    <id>8889127</id>
    <company>Heroworks</company>
    <street>Amerhof</street>
    <number>215</number>
    <zipcode>3576cd</zipcode>
    <city>Schalsum</city>
  </row>
  <row>
    <id>5832884</id>
    <company>Jetstar</company>
    <street>Van Rensselaerlaan</street>
    <number>99</number>
    <zipcode>1494 BW</zipcode>
    <city>Rolde</city>
  </row>
  <row>
    <id>6353412</id>
    <company>Peachhouse</company>
    <street>Moskeeplein</street>
    <number>75</number>
    <zipcode>2200 YT</zipcode>
    <city>Ysbrechtum</city>
  </row>
  <row>
    <id>7498860</id>
    <company>Voyage Softwares</company>
    <street>Kaaszwamsingel</street>
    <number>28</number>
    <zipcode>2166QA</zipcode>
    <city>Tjerkwerd</city>
  </row>
  <row>
    <id>1106740</id>
    <company>Maze Corporation</company>
    <street>Coloradodreef</street>
    <number>45</number>
    <zipcode>2790lp</zipcode>
    <city>Ruurlo</city>
  </row>
  <row>
    <id>3559899</id>
    <company>Paragon Media</company>
    <street>Marten Toonderstraat</street>
    <number>90</number>
    <zipcode>3385 dn</zipcode>
    <city>Nederweert-Eind</city>
  </row>
  <row>
    <id>5224482</id>
    <company>Questindustries</company>
    <street>Nieuwewetering</street>
    <number>187</number>
    <zipcode>3384 XR</zipcode>
    <city>Halle</city>
  </row>
  <row>
    <id>4499786</id>
    <company>Tuliproductions</company>
    <street>Palestrinastraat</street>
    <number>38</number>
    <zipcode>2948 NT</zipcode>
    <city>Kreileroord</city>
  </row>
  <row>
    <id>3341250</id>
    <company>Pixystems</company>
    <street>Blindesteeg thans Springweg</street>
    <number>227</number>
    <zipcode>2653jj</zipcode>
    <city>Den Hoorn</city>
  </row>
  <row>
    <id>3960616</id>
    <company>Wondershadow</company>
    <street>Hof van Amsterdam</street>
    <number>9</number>
    <zipcode>3321VG</zipcode>
    <city>Idaerd</city>
  </row>
  <row>
    <id>4117296</id>
    <company>Lemonshade</company>
    <street>Lumeystraat</street>
    <number>20</number>
    <zipcode>2810ff</zipcode>
    <city>Venhuizen</city>
  </row>
  <row>
    <id>9941262</id>
    <company>Aurashack</company>
    <street>Papyrusdreef</street>
    <number>173</number>
    <zipcode>2716XO</zipcode>
    <city>Molenschot</city>
  </row>
  <row>
    <id>4863289</id>
    <company>Deluge Acoustics</company>
    <street>De Wetstraat</street>
    <number>234</number>
    <zipcode>2022 do</zipcode>
    <city>Bergentheim</city>
  </row>
  <row>
    <id>1519040</id>
    <company>Timber Acoustics</company>
    <street>Ambonstraat</street>
    <number>221</number>
    <zipcode>1882 CT</zipcode>
    <city>Ysbrechtum</city>
  </row>
  <row>
    <id>6966982</id>
    <company>Pink Motors</company>
    <street>Havikbrug</street>
    <number>48</number>
    <zipcode>2110 vm</zipcode>
    <city>Borgsweer</city>
  </row>
  <row>
    <id>8209915</id>
    <company>Tidustries</company>
    <street>Patrimoniumstraat</street>
    <number>206</number>
    <zipcode>2279 AG</zipcode>
    <city>Spijk</city>
  </row>
  <row>
    <id>6667155</id>
    <company>Lagoonavigations</company>
    <street>Waterlinieweg</street>
    <number>236</number>
    <zipcode>1341 HW</zipcode>
    <city>Aldtsjerk</city>
  </row>
  <row>
    <id>5571137</id>
    <company>Pinkorps</company>
    <street>Komijnweg</street>
    <number>234</number>
    <zipcode>2690RT</zipcode>
    <city>Terband</city>
  </row>
  <row>
    <id>7032763</id>
    <company>Karmarts</company>
    <street>Carry van Bruggenstraat</street>
    <number>227</number>
    <zipcode>1989BR</zipcode>
    <city>Teroele</city>
  </row>
  <row>
    <id>2367965</id>
    <company>Motionmaster</company>
    <street>Leonard Bernsteinkade</street>
    <number>111</number>
    <zipcode>3321 XX</zipcode>
    <city>Alteveer</city>
  </row>
  <row>
    <id>7553797</id>
    <company>Dwarfhive</company>
    <street>Boven Clarenburg</street>
    <number>226</number>
    <zipcode>1992 mz</zipcode>
    <city>Zuidhorn</city>
  </row>
  <row>
    <id>8684643</id>
    <company>Cubehouse</company>
    <street>Oasedreef</street>
    <number>75</number>
    <zipcode>1496JY</zipcode>
    <city>Vorchten</city>
  </row>
  <row>
    <id>4883776</id>
    <company>Grasshopper Entertainment</company>
    <street>Mendelssohnstraat</street>
    <number>139</number>
    <zipcode>1367 AP</zipcode>
    <city>Maassluis</city>
  </row>
  <row>
    <id>6632162</id>
    <company>Shade Corp</company>
    <street>Buurkerkhof</street>
    <number>77</number>
    <zipcode>3546LQ</zipcode>
    <city>Uithuizermeeden</city>
  </row>
  <row>
    <id>3471156</id>
    <company>Motion Corporation</company>
    <street>Errol Garnerstraat</street>
    <number>204</number>
    <zipcode>1928 pg</zipcode>
    <city>'s-Gravenhage</city>
  </row>
  <row>
    <id>5965481</id>
    <company>Bullimited</company>
    <street>Jasondreef</street>
    <number>207</number>
    <zipcode>1552 tl</zipcode>
    <city>Rinsumageast</city>
  </row>
  <row>
    <id>4262180</id>
    <company>Equinetworks</company>
    <street>Blindesteeg thans Springweg</street>
    <number>104</number>
    <zipcode>2699 mz</zipcode>
    <city>Vrouwenakker</city>
  </row>
  <row>
    <id>2532823</id>
    <company>Nimbletainment</company>
    <street>Benschoplaan</street>
    <number>180</number>
    <zipcode>3123 nk</zipcode>
    <city>Koudum</city>
  </row>
  <row>
    <id>5361013</id>
    <company>Elitelligence</company>
    <street>Birkhovenplaats</street>
    <number>13</number>
    <zipcode>1468 YL</zipcode>
    <city>'s-Gravenhage</city>
  </row>
  <row>
    <id>4446907</id>
    <company>Joyrover</company>
    <street>Adriaan Mulderstraat</street>
    <number>166</number>
    <zipcode>3077tz</zipcode>
    <city>Tienray</city>
  </row>
  <row>
    <id>5701211</id>
    <company>Crowaid</company>
    <street>Kornalijnlaan</street>
    <number>138</number>
    <zipcode>2796lh</zipcode>
    <city>Boxtel</city>
  </row>
  <row>
    <id>2919942</id>
    <company>Freakaid</company>
    <street>Smaragdplein</street>
    <number>60</number>
    <zipcode>1191 sv</zipcode>
    <city>1e Exlo&#xBCAD;ond</city>
  </row>
  <row>
    <id>2712009</id>
    <company>Summit Enterprises</company>
    <street>Mosterdweg</street>
    <number>36</number>
    <zipcode>3232AT</zipcode>
    <city>Vegelinsoord</city>
  </row>
  <row>
    <id>2451476</id>
    <company>Tucan Systems</company>
    <street>Fanny Blankers-Koendreef</street>
    <number>232</number>
    <zipcode>3568 hu</zipcode>
    <city>Monster</city>
  </row>
  <row>
    <id>3188843</id>
    <company>Chief Limited</company>
    <street>Dekhuyzenstraat</street>
    <number>54</number>
    <zipcode>3500 LT</zipcode>
    <city>Rotsterhaule</city>
  </row>
  <row>
    <id>1019808</id>
    <company>Starlightning</company>
    <street>Presidentperenlaan</street>
    <number>29</number>
    <zipcode>2155jb</zipcode>
    <city>Nieuwland</city>
  </row>
  <row>
    <id>5202679</id>
    <company>Happindustries</company>
    <street>Schemering</street>
    <number>61</number>
    <zipcode>1056 KD</zipcode>
    <city>Kamerik</city>
  </row>
  <row>
    <id>8221747</id>
    <company>Shadowwell</company>
    <street>Beukenburg</street>
    <number>139</number>
    <zipcode>1970 VA</zipcode>
    <city>Kampen</city>
  </row>
  <row>
    <id>7576087</id>
    <company>Dragonsys</company>
    <street>J.M. de Muinck Keizerlaan</street>
    <number>139</number>
    <zipcode>1030IM</zipcode>
    <city>Oosterend</city>
  </row>
  <row>
    <id>2991087</id>
    <company>Oysterbar</company>
    <street>Paul C&#xE9;zannehof</street>
    <number>115</number>
    <zipcode>2483 EM</zipcode>
    <city>Numansdorp</city>
  </row>
</document>
