[{"name":"Jetstar","staff":"75","total.rev":"1130 k€","total.costs":"18.915 k€","profit":"20.045 k€"},{"name":"Grasshopper Records","staff":"9","turnover":"1607 k€","total.rev":"1607 k€","staff.costs":"131 k€","total.costs":"1544 k€","profit":"63 k€"},{"name":"Grasshoppe rEntertainment","staff":"?","turnover":"6886 k€","other.rev":"-33 k€","total.rev":"6919 k€","staff.costs":"324 k€","total.costs":"6493 k€","profit":"426 k€"},{"name":"Blizzat","staff":"","turnover":"3861 k€","other.rev":"13 k€","total.rev":"3874 k€","staff.costs":"290 k€","total.costs":"3600 k€","profit":"274 k€"},{"name":"Equinetworks","staff":"","other.rev":"37 k€","total.rev":"5602 k€","staff.costs":"314 k€","total.costs":"5530 k€","profit":"72 k€"},{"name":"Voyage Softwares","staff":"1","turnover":"25 k€","total.rev":"25 k€","total.costs":"22 k€","profit":"3 k€"},{"name":"Parableutions","staff":"5","total.rev":"1335 k€","staff.costs":"135 k€","total.costs":"136 k€","profit":"1 k€","vat":"1346 k€"},{"name":"SunS eeucrity","staff":"3","turnover":"404 k€","other.rev":"13 k€","total.rev":"417 k€","total.costs":"342 k€","profit":"75 k€"},{"name":"Grashopper Navigations","staff":"6","turnover":"2596 k€","total.rev":"2596 k€","staff.costs":"147 k€","total.costs":"2486 k€","profit":"110 k€"},{"name":"Whiteouttwares","staff":"5"},{"name":"Jupitelligence","staff":"5","turnover":"645 k€","total.rev":"645 k€","staff.costs":"130 k€","total.costs":"636 k€","profit":"9 k€"},{"name":"araagon Media","staff":"5","turnover":"2.872 k€","total.rev":"2.872 k€","staff.costs":"182 k€","total.costs":"2.652 k€","profit":"220 k€"},{"name":"Rush Micrrosysttms","staff":"13","turnover":"5678 k€","other.rev":"12 k€","total.rev":"5690 k€","staff.costs":"326 k€","total.costs":"5656 k€","profit":"34 k€"},{"name":"Berycrds","staff":"","turnover":"931.397 k€","total.rev":"931.397 k€","staff.costs":"36.872 k€","total.costs":"841.489 k€","profit":"89.908 k€","vat":"863 k€"},{"name":"Blossomman","staff":"3","turnover":"80 k€","staff.costs":"40 k€","vat":"813 k€"},{"name":"Antarts","staff":"52","turnover":"9067 k€","other.rev":"0.622 k€","total.rev":"9689 k€","staff.costs":"1125 k€","total.costs":"9911 k€","profit":"-222 k€","vat":"9640 k€"},{"name":"Nimble ","staff":"10","turnover":"1500 k€","other.rev":"20 k€","total.rev":"1520 k€","staff.costs":"195 k€","total.costs":"1384 k€","profit":"136 k€","vat":"733 k€"},{"name":"Melnoeworks","staff":"4","turnover":"440 k€","total.rev":"440 k€","staff.costs":"16 k€","total.costs":"379 k€","profit":"60 k€","vat":"296 k€"},{"name":"Worrlddalee","staff":"3","turnover":"690 k€","total.rev":"690 k€","staff.costs":"19 k€","total.costs":"464.507 k€","profit":"225.493 k€","vat":"486 k€"},{"name":"Nemotors","staff":"8","turnover":"1852 k€","total.rev":"1852 k€","staff.costs":"120 k€","total.costs":"1812 k€","profit":"40 k€","vat":"1312 k€"},{"name":"Deserrpiess","staff":"2","turnover":"359 k€","other.rev":"9 k€","total.rev":"368 k€","total.costs":"339 k€","profit":"29 k€","vat":"257 k€"},{"name":"Moon Microsystems","staff":"3","turnover":"839 k€","total.rev":"839 k€","staff.costs":"2 k€","total.costs":"717 k€","profit":"122 k€","vat":"654 k€"},{"name":"Questindustries","staff":"2","turnover":"471 k€","total.rev":"471 k€","staff.costs":"34 k€","total.costs":"411 k€","profit":"60 k€","vat":"377 k€"},{"name":"microsystems by Tigress","staff":"4","turnover":"933 k€","other.rev":"2 k€","total.rev":"935 k€","staff.costs":"31 k€","total.costs":"814 k€","profit":"121 k€","vat":"811 k€"},{"name":"Crowtube","staff":"3","turnover":"1.665 k€","total.rev":"1.665 k€","staff.costs":"70 k€","total.costs":"186 k€","profit":"1478 k€","vat":"1472 k€"},{"name":"Aurashack","staff":"6","turnover":"2318 k€","total.rev":"2318 k€","staff.costs":"184 k€","total.costs":"390 k€","profit":"86 k€","vat":"2082 k€"},{"name":"Heroworks","staff":"2","turnover":"1.175 k€","other.rev":"12 k€","total.rev":"1.187 k€","staff.costs":"114 k€","profit":"17 k€","vat":"1058 k€"},{"name":"Deluge Acoustics","staff":"16","turnover":"2946 k€","other.rev":"7 k€","total.rev":"2953 k€","staff.costs":"245 k€","total.costs":"2870 k€","profit":"83 k€","vat":"2670 k€"},{"name":"Lemon Technologies","staff":"1","turnover":"492 k€","total.rev":"492 k€","total.costs":"470 k€","profit":"22 k€","vat":"449 k€"},{"name":"Slickorps","staff":"6","turnover":"1831 k€","other.rev":"1.831 k€","total.rev":"1831 k€","staff.costs":"53 k€","total.costs":"1443 k€","profit":"388 k€","vat":"1695 k€"},{"name":"Globeorks","staff":"29","turnover":"7271 k€","other.rev":"30 k€","total.rev":"7301 k€","staff.costs":"451 k€","total.costs":"7242 k€","profit":"59 k€","vat":"6754 k€"},{"name":"Chief Media","staff":"8","turnover":"971 k€","total.rev":"107 k€","staff.costs":"28 k€","total.costs":"95 k€","profit":"100 k€","vat":"905 k€"},{"name":"Aipte","staff":"13","turnover":"4118 k€","other.rev":"11 k€","total.rev":"4129 k€","staff.costs":"57 k€","total.costs":"3601 k€","profit":"528 k€","vat":"3841 k€"},{"name":"oarbite","staff":"9","turnover":"2803 k€","total.rev":"2803 k€","staff.costs":"106 k€","total.costs":"2643 k€","profit":"160 k€","vat":"2668 k€"},{"name":"uTlipproducttions","staff":"15","turnover":"2876 k€","other.rev":"33 k€","total.rev":"2909 k€","staff.costs":"539 k€","total.costs":"2627 k€","profit":"282 k€","vat":"2758 k€"},{"name":"Whiz ooSftware","staff":"14","turnover":"2649 k€","other.rev":"98.35 k€","total.rev":"2747 k€","staff.costs":"221.302 k€","total.costs":"2725.41 k€","profit":"22.457 k€","vat":"2548 k€"},{"name":"Great Wihe Aviation","staff":"6","turnover":"1024 k€","other.rev":"4 k€","total.rev":"206 k€","staff.costs":"64 k€","total.costs":"170 k€","profit":"37 k€","vat":"995 k€"},{"name":"Ansfot","staff":"53","turnover":"9842 k€","total.rev":"9842 k€","staff.costs":"837 k€","total.costs":"10000 k€","profit":"-160 k€","vat":"9655 k€"},{"name":"Joyrover","staff":"7","turnover":"2463 k€","other.rev":"38 k€","total.rev":"2501 k€","staff.costs":"87 k€","total.costs":"2347 k€","profit":"154 k€","vat":"2441 k€"},{"name":"Vortexgate","staff":"","turnover":"4445 k€","other.rev":"98 k€","total.rev":"4543 k€","staff.costs":"369 k€","total.costs":"4266 k€","profit":"277 k€","vat":"4412 k€"},{"name":"Mermedia","staff":"20","turnover":"3284 k€","other.rev":"11 k€","total.rev":"3295 k€","staff.costs":"181 k€","total.costs":"3168 k€","profit":"127 k€","vat":"3263 k€"},{"name":"Accent Entertainment","staff":"2","turnover":"814 k€","total.rev":"814 k€","staff.costs":"107 k€","total.costs":"175 k€","vat":"810 k€"},{"name":"NA Stardustechnologies","staff":"","turnover":"1210 k€","total.rev":"1210 k€","staff.costs":"52 k€","total.costs":"1124 k€","profit":"86 k€","vat":"1205 k€"},{"name":"Pride Brews","staff":"1","turnover":"343 k€","total.rev":"343 k€","vat":"343 k€"},{"name":"Corecords","staff":"3","turnover":"952 k€","total.rev":"952 k€","staff.costs":"79 k€","profit":"149 k€","vat":"952 k€"},{"name":"Dragosys","staff":"1","turnover":"41 k€","total.rev":"41 k€","total.costs":"32 k€","profit":"9 k€","vat":"41 k€"},{"name":"Lucky Coms","staff":"60","turnover":"3633 k€","total.rev":"3633 k€","staff.costs":"257 k€","total.costs":"3626 k€","profit":"7 k€","vat":"3634 k€"},{"name":"Lucenttube","staff":"8","turnover":"2906 k€","total.rev":"2906 k€","staff.costs":"144 k€","total.costs":"453 k€","profit":"53 k€","vat":"2907 k€"},{"name":"Mountelligence","staff":"10","turnover":"2333 k€","other.rev":"6 k€","total.rev":"2339 k€","staff.costs":"193 k€","total.costs":"2353 k€","profit":"-14 k€","vat":"2335 k€"},{"name":"Wondershadow","staff":"12","turnover":"2275 k€","other.rev":"5 k€","total.rev":"2280 k€","staff.costs":"222 k€","total.costs":"2302 k€","profit":"-22 k€","vat":"2277 k€"},{"name":"Monarctronics","staff":"7","turnover":"1728 k€","total.rev":"1728 k€","staff.costs":"153 k€","total.costs":"1681 k€","profit":"47 k€","vat":"1742 k€"},{"name":"Tidustries","staff":"24","turnover":"6872 k€","other.rev":"32 k€","total.rev":"6904 k€","staff.costs":"485 k€","total.costs":"6729 k€","profit":"174 k€","vat":"6959 k€"},{"name":"eMrmaidsow","staff":"29","turnover":"3571 k€","other.rev":"76 k€","total.rev":"3647 k€","staff.costs":"311 k€","total.costs":"3554 k€","profit":"93 k€","vat":"3700 k€"},{"name":"Timber Acoustics","staff":"11","turnover":"1021 k€","total.rev":"1021 k€","staff.costs":"235 k€","total.costs":"472 k€","profit":"549 k€","vat":"1067 k€"},{"name":"Karmarts","staff":"1","turnover":"197 k€","total.rev":"197 k€","total.costs":"168 k€","profit":"30 k€","vat":"221 k€"},{"name":"Pink Motors","staff":"7","turnover":"917 k€","total.rev":"917 k€","staff.costs":"30 k€","total.costs":"781 k€","profit":"136 k€","vat":"1030 k€"},{"name":"Dynamico","staff":"8","turnover":"2000 k€","total.rev":"2000 k€","total.costs":"1700 k€","vat":"2271 k€"},{"name":"Shadelife","staff":"3","turnover":"200 k€","total.rev":"200 k€","staff.costs":"49 k€","total.costs":"177 k€","profit":"222 k€","vat":"251 k€"},{"name":"Cloverprises","staff":"4","turnover":"342 k€","total.rev":"342 k€","staff.costs":"30 k€","total.costs":"299 k€","profit":"43 k€","vat":"1068 k€"},{"name":"Tucan Systems","staff":"6","turnover":"1 k€","total.rev":"1411 k€","staff.costs":"179 k€","total.costs":"1215 k€","profit":"196 k€","vat":"1389 k€"}]
